ville,date,temperature,humidite,vitessevent
CASA,2021-02-04T00:00:00,12.649119,93,0.8049845
CASA,2021-02-04T01:00:00,12.58912,93,0.35999998
CASA,2021-02-04T02:00:00,12.48912,94,1.9386592
CASA,2021-02-04T03:00:00,12.2791195,94,3.319036
CASA,2021-02-04T04:00:00,12.0291195,94,3.7585104
CASA,2021-02-04T05:00:00,11.83912,93,3.8773184
CASA,2021-02-04T06:00:00,11.74912,93,4.802999
CASA,2021-02-04T07:00:00,11.719119,93,5.4477882
CASA,2021-02-04T08:00:00,11.58912,94,5.634891
CASA,2021-02-04T09:00:00,11.62912,94,6.151683
CASA,2021-02-04T10:00:00,12.04912,92,6.5693827
CASA,2021-02-04T11:00:00,12.95912,88,6.489992
CASA,2021-02-04T12:00:00,14.15912,84,8.404285
CASA,2021-02-04T13:00:00,16.48912,73,8.64
CASA,2021-02-04T14:00:00,16.11912,74,10.805999
CASA,2021-02-04T15:00:00,15.939119,74,12.261158
CASA,2021-02-04T16:00:00,15.769119,78,14.685176
CASA,2021-02-04T17:00:00,15.61912,79,19.164717
CASA,2021-02-04T18:00:00,14.7791195,84,18.335276
CASA,2021-02-04T19:00:00,13.79912,89,14.512064
CASA,2021-02-04T20:00:00,13.609119,89,9
CASA,2021-02-04T21:00:00,13.61912,89,7.42159
CASA,2021-02-04T22:00:00,13.33912,88,9.693296
CASA,2021-02-04T23:00:00,13.149119,87,14.48972
CASA,2021-02-05T00:00:00,13.08912,87,14.04
CASA,2021-02-05T01:00:00,13.08912,86,12.261158
CASA,2021-02-05T02:00:00,13.20912,86,12.181625
CASA,2021-02-05T03:00:00,13.309119,88,10.137692
CASA,2021-02-05T04:00:00,13.309119,92,12.144331
CASA,2021-02-05T05:00:00,13.229119,91,27.66384
CASA,2021-02-05T06:00:00,13.20912,89,22.183128
CASA,2021-02-05T07:00:00,13.149119,89,13.551501
CASA,2021-02-05T08:00:00,12.78912,93,10.086427
CASA,2021-02-05T09:00:00,12.519119,93,8.587338
CASA,2021-02-05T10:00:00,11.979119,93,9.19939
CASA,2021-02-05T11:00:00,12.219119,89,11.988594
CASA,2021-02-05T12:00:00,12.769119,84,14.57889
CASA,2021-02-05T13:00:00,14.99912,66,22.406927
CASA,2021-02-05T14:00:00,15.609119,60,21.749481
CASA,2021-02-05T15:00:00,15.74912,59,24.162945
CASA,2021-02-05T16:00:00,15.569119,60,25.721743
CASA,2021-02-05T17:00:00,15.49912,60,27.397867
CASA,2021-02-05T18:00:00,15.139119,64,27.72
CASA,2021-02-05T19:00:00,14.219119,71,24.482647
CASA,2021-02-05T20:00:00,13.809119,75,22.33161
CASA,2021-02-05T21:00:00,13.399119,79,18.014393
CASA,2021-02-05T22:00:00,12.939119,84,13.910169
CASA,2021-02-05T23:00:00,12.50912,88,11.592895
CASA,2021-02-06T00:00:00,12.19912,90,11.720751
CASA,2021-02-06T01:00:00,11.94912,91,12.984975
CASA,2021-02-06T02:00:00,11.899119,92,12.229406
CASA,2021-02-06T03:00:00,12.03912,91,11.592895
CASA,2021-02-06T04:00:00,12.23912,91,10.799999
CASA,2021-02-06T05:00:00,12.7791195,85,12.783802
CASA,2021-02-06T06:00:00,12.25912,92,19.33639
CASA,2021-02-06T07:00:00,12.7791195,79,19.862083
CASA,2021-02-06T08:00:00,12.609119,77,20.421871
CASA,2021-02-06T09:00:00,12.679119,75,18.775303
CASA,2021-02-06T10:00:00,13.04912,71,17.654688
CASA,2021-02-06T11:00:00,12.979119,71,17.339897
CASA,2021-02-06T12:00:00,13.11912,70,17.873556
CASA,2021-02-06T13:00:00,14.19912,64,21.129885
CASA,2021-02-06T14:00:00,15.059119,61,21.479666
CASA,2021-02-06T15:00:00,14.32912,63,20.948164
CASA,2021-02-06T16:00:00,14.08912,64,19.995398
CASA,2021-02-06T17:00:00,14.12912,64,20.00512
CASA,2021-02-06T18:00:00,13.819119,65,18.472595
CASA,2021-02-06T19:00:00,13.389119,66,16.904673
CASA,2021-02-06T20:00:00,13.179119,67,17.418196
CASA,2021-02-06T21:00:00,13.0291195,68,18.079027
CASA,2021-02-06T22:00:00,12.79912,69,16.981165
CASA,2021-02-06T23:00:00,12.53912,73,15.84
CASA,2021-02-07T00:00:00,12.28912,77,15.4800005
CASA,2021-02-07T01:00:00,12.03912,81,14.417988
CASA,2021-02-07T02:00:00,12.059119,81,15.844089
CASA,2021-02-07T03:00:00,11.969119,78,18.971008
CASA,2021-02-07T04:00:00,12.00912,75,20.991426
CASA,2021-02-07T05:00:00,11.69912,76,22.7057
CASA,2021-02-07T06:00:00,11.649119,77,21.933426
CASA,2021-02-07T07:00:00,11.609119,77,19.93048
CASA,2021-02-07T08:00:00,11.53912,76,19.416653
CASA,2021-02-07T09:00:00,11.649119,77,18.806337
CASA,2021-02-07T10:00:00,11.87912,74,19.469976
CASA,2021-02-07T11:00:00,12.03912,74,19.08
CASA,2021-02-07T12:00:00,12.33912,71,19.08
CASA,2021-02-07T13:00:00,13.66912,69,17.057314
CASA,2021-02-07T14:00:00,14.889119,64,16.946787
CASA,2021-02-07T15:00:00,15.36912,62,18.671474
CASA,2021-02-07T16:00:00,14.7791195,65,19.721298
CASA,2021-02-07T17:00:00,14.649119,65,20.49156
CASA,2021-02-07T18:00:00,14.41912,68,19.9954
CASA,2021-02-07T19:00:00,13.87912,71,18.532133
CASA,2021-02-07T20:00:00,13.429119,76,19.083395
CASA,2021-02-07T21:00:00,12.98912,79,18.430452
CASA,2021-02-07T22:00:00,12.07912,83,15.778518
CASA,2021-02-07T23:00:00,11.11912,85,15.124284
CASA,2021-02-08T00:00:00,10.559119,86,16.039202
CASA,2021-02-08T01:00:00,10.03912,90,17.31746
CASA,2021-02-08T02:00:00,9.729119,91,18.391737
CASA,2021-02-08T03:00:00,9.61912,91,19.513195
CASA,2021-02-08T04:00:00,9.469119,93,21.889065
CASA,2021-02-08T05:00:00,10.189119,96,24.569836
CASA,2021-02-08T06:00:00,10.649119,92,25.862436
CASA,2021-02-08T07:00:00,10.639119,92,27.504093
CASA,2021-02-08T08:00:00,10.319119,92,28.876396
CASA,2021-02-08T09:00:00,10.319119,89,30.25928
CASA,2021-02-08T10:00:00,11.94912,79,30.888754
CASA,2021-02-08T11:00:00,14.41912,67,29.28418
CASA,2021-02-08T12:00:00,16.94912,60,29.055367
CASA,2021-02-08T13:00:00,18.25912,61,30.147717
CASA,2021-02-08T14:00:00,18.36912,63,30.05515
CASA,2021-02-08T15:00:00,18.029121,67,29.899511
CASA,2021-02-08T16:00:00,17.349121,72,29.179993
CASA,2021-02-08T17:00:00,16.73912,77,28.802248
CASA,2021-02-08T18:00:00,16.65912,79,27.009598
CASA,2021-02-08T19:00:00,15.7791195,83,22.505037
CASA,2021-02-08T20:00:00,15.5291195,85,19.562946
CASA,2021-02-08T21:00:00,15.309119,87,17.533146
CASA,2021-02-08T22:00:00,15.08912,89,16.42247
CASA,2021-02-08T23:00:00,15.00912,89,15.141414
CASA,2021-02-09T00:00:00,14.969119,90,15.0038395
CASA,2021-02-09T01:00:00,14.859119,90,15.459054
CASA,2021-02-09T02:00:00,14.61912,91,15.496736
CASA,2021-02-09T03:00:00,14.49912,92,14.982228
CASA,2021-02-09T04:00:00,14.519119,91,14.480773
CASA,2021-02-09T05:00:00,14.399119,91,15.124284
CASA,2021-02-09T06:00:00,14.23912,91,16.831684
CASA,2021-02-09T07:00:00,14.099119,91,18.837324
CASA,2021-02-09T08:00:00,13.94912,90,20.390114
CASA,2021-02-09T09:00:00,14.179119,88,22.42427
CASA,2021-02-09T10:00:00,14.819119,83,25.460934
CASA,2021-02-09T11:00:00,16.099121,74,28.075384
CASA,2021-02-09T12:00:00,17.609121,66,28.091534
CASA,2021-02-09T13:00:00,18.82912,64,27.288855
CASA,2021-02-09T14:00:00,20.05912,60,28.137634
CASA,2021-02-09T15:00:00,19.859121,61,28.981676
CASA,2021-02-09T16:00:00,19.38912,63,30.344814
CASA,2021-02-09T17:00:00,18.91912,65,28.808998
CASA,2021-02-09T18:00:00,18.25912,68,27
CASA,2021-02-09T19:00:00,17.179121,72,23.857979
CASA,2021-02-09T20:00:00,16.269121,77,21.398056
CASA,2021-02-09T21:00:00,15.66912,80,20.188908
CASA,2021-02-09T22:00:00,15.179119,82,19.576189
CASA,2021-02-09T23:00:00,14.90912,83,20.380579
CASA,2021-02-10T00:00:00,14.75912,82,20.304129
CASA,2021-02-10T01:00:00,14.37912,83,20.304129
CASA,2021-02-10T02:00:00,13.87912,86,20.150354
CASA,2021-02-10T03:00:00,13.099119,89,20.371038
CASA,2021-02-10T04:00:00,12.359119,90,21.479664
CASA,2021-02-10T05:00:00,12.2791195,91,22.159746
CASA,2021-02-10T06:00:00,12.309119,90,22.218153
CASA,2021-02-10T07:00:00,12.219119,90,21.817902
CASA,2021-02-10T08:00:00,11.83912,91,21.175837
CASA,2021-02-10T09:00:00,12.269119,88,21.370783
CASA,2021-02-10T10:00:00,14.309119,78,19.083395
CASA,2021-02-10T11:00:00,16.88912,67,14.76439
CASA,2021-02-10T12:00:00,18.96912,60,12.074766
CASA,2021-02-10T13:00:00,19.36912,59,13.202726
CASA,2021-02-10T14:00:00,19.349121,61,14.982228
CASA,2021-02-10T15:00:00,18.769121,66,16.563911
CASA,2021-02-10T16:00:00,17.90912,74,16.055355
CASA,2021-02-10T17:00:00,16.519121,80,14.529915
CASA,2021-02-10T18:00:00,15.44912,84,11.480557
CASA,2021-02-10T19:00:00,14.25912,90,6.8777895
CASA,2021-02-10T20:00:00,13.53912,93,2.5959969
CASA,2021-02-10T21:00:00,13.19912,94,0.71999997
CASA,2021-02-10T22:00:00,12.99912,94,2.8116899
CASA,2021-02-10T23:00:00,12.769119,94,3.096837
CASA,2021-02-11T00:00:00,12.54912,94,2.4149535
CASA,2021-02-11T01:00:00,12.32912,94,1.8
CASA,2021-02-11T02:00:00,12.12912,94,1.9386592
CASA,2021-02-11T03:00:00,11.969119,94,2.6208394
CASA,2021-02-11T04:00:00,11.809119,94,2.9024127
CASA,2021-02-11T05:00:00,11.62912,94,2.8799999
CASA,2021-02-11T06:00:00,11.469119,94,3.2599385
CASA,2021-02-11T07:00:00,11.349119,94,4.198285
CASA,2021-02-11T08:00:00,11.189119,94,5.1165614
CASA,2021-02-11T09:00:00,11.19912,94,4.510787
CASA,2021-02-11T10:00:00,11.54912,93,4.39436
CASA,2021-02-11T11:00:00,12.20912,89,6.439876
CASA,2021-02-11T12:00:00,12.49912,87,10.661107
CASA,2021-02-11T13:00:00,12.019119,89,13.004921
CASA,2021-02-11T14:00:00,12.12912,89,13.75558
CASA,2021-02-11T15:00:00,12.729119,85,14.205182
CASA,2021-02-11T16:00:00,12.519119,85,13.708391
CASA,2021-02-11T17:00:00,12.179119,87,11.966953
CASA,2021-02-11T18:00:00,11.939119,90,10.086427
CASA,2021-02-11T19:00:00,11.58912,92,7.7879906
CASA,2021-02-11T20:00:00,11.33912,93,7.072878
CASA,2021-02-11T21:00:00,11.059119,94,6.12
CASA,2021-02-11T22:00:00,10.79912,94,5.3517847
CASA,2021-02-11T23:00:00,10.519119,94,5.1165614
CASA,2021-02-12T00:00:00,10.37912,92,4.39436
CASA,2021-02-12T01:00:00,10.19912,91,4.3498964
CASA,2021-02-12T02:00:00,9.979119,92,4.73506
CASA,2021-02-12T03:00:00,9.729119,92,5.771239
CASA,2021-02-12T04:00:00,9.40912,93,5.8048253
CASA,2021-02-12T05:00:00,9.25912,93,5.4477882
CASA,2021-02-12T06:00:00,9.069119,94,7.208994
CASA,2021-02-12T07:00:00,8.849119,94,9.114471
CASA,2021-02-12T08:00:00,8.929119,94,10.948973
CASA,2021-02-12T09:00:00,9.429119,91,11.901798
CASA,2021-02-12T10:00:00,10.75912,85,13.627795
CASA,2021-02-12T11:00:00,12.189119,80,15.990646
CASA,2021-02-12T12:00:00,12.78912,79,19.914215
CASA,2021-02-12T13:00:00,17.04912,73,12.88981
CASA,2021-02-12T14:00:00,17.08912,73,16.704155
CASA,2021-02-12T15:00:00,17.36912,74,19.67195
CASA,2021-02-12T16:00:00,17.72912,73,20.592503
CASA,2021-02-12T17:00:00,17.86912,74,21.479664
CASA,2021-02-12T18:00:00,17.429121,77,21.915691
CASA,2021-02-12T19:00:00,16.70912,82,22.104116
CASA,2021-02-12T20:00:00,16.179121,86,22.782625
CASA,2021-02-12T21:00:00,15.899119,89,23.584808
CASA,2021-02-12T22:00:00,15.83912,91,24.387178
CASA,2021-02-12T23:00:00,15.849119,90,24.312662
CASA,2021-02-13T00:00:00,15.74912,89,23.4
CASA,2021-02-13T01:00:00,15.349119,90,22.79684
CASA,2021-02-13T02:00:00,14.45912,89,16.520823
CASA,2021-02-13T03:00:00,12.78912,92,15.546833
CASA,2021-02-13T04:00:00,11.50912,93,12.7279215
CASA,2021-02-13T05:00:00,10.519119,95,11.592895
CASA,2021-02-13T06:00:00,9.82912,94,10.587918
CASA,2021-02-13T07:00:00,9.40912,95,9.957108
CASA,2021-02-13T08:00:00,9.109119,96,11.592894
CASA,2021-02-13T09:00:00,9.7791195,89,9.686609
CASA,2021-02-13T10:00:00,12.90912,75,10.805999
CASA,2021-02-13T11:00:00,14.50912,71,16.055353
CASA,2021-02-13T12:00:00,15.519119,69,17.782686
CASA,2021-02-13T13:00:00,16.349121,66,18.971008
CASA,2021-02-13T14:00:00,17.11912,61,22.065973
CASA,2021-02-13T15:00:00,17.349121,61,23.78453
CASA,2021-02-13T16:00:00,17.179121,63,27.295977
CASA,2021-02-13T17:00:00,16.82912,68,31.037344
CASA,2021-02-13T18:00:00,16.32912,71,28.775238
CASA,2021-02-13T19:00:00,15.639119,72,24.881702
CASA,2021-02-13T20:00:00,14.86912,81,20.858265
CASA,2021-02-13T21:00:00,14.15912,81,15.941944
CASA,2021-02-13T22:00:00,13.059119,88,11.928989
CASA,2021-02-13T23:00:00,13.19912,90,11.966954
CASA,2021-02-14T00:00:00,12.689119,93,12.429127
CASA,2021-02-14T01:00:00,11.87912,95,9
CASA,2021-02-14T02:00:00,11.0291195,92,14.044615
CASA,2021-02-14T03:00:00,10.769119,89,9.746631
CASA,2021-02-14T04:00:00,10.7791195,88,6.9899354
CASA,2021-02-14T05:00:00,10.359119,89,5.6233797
CASA,2021-02-14T06:00:00,9.54912,90,7.0911775
CASA,2021-02-14T07:00:00,9.20912,89,7.8954163
CASA,2021-02-14T08:00:00,8.889119,86,7.2805495
CASA,2021-02-14T09:00:00,9.229119,81,5.937272
CASA,2021-02-14T10:00:00,11.899119,71,1.5273507
CASA,2021-02-14T11:00:00,14.719119,61,2.9024127
CASA,2021-02-14T12:00:00,16.37912,57,7.2805495
CASA,2021-02-14T13:00:00,16.30912,63,11.91812
CASA,2021-02-14T14:00:00,17.78912,60,13.1041975
CASA,2021-02-14T15:00:00,18.04912,58,14.81259
CASA,2021-02-14T16:00:00,18.54912,56,16.595179
CASA,2021-02-14T17:00:00,19.07912,56,16.870138
CASA,2021-02-14T18:00:00,18.70912,65,15.986593
CASA,2021-02-14T19:00:00,17.519121,77,15.496736
CASA,2021-02-14T20:00:00,16.45912,84,14.241629
CASA,2021-02-14T21:00:00,15.399119,90,10.799999
CASA,2021-02-14T22:00:00,14.48912,92,6.763786
CASA,2021-02-14T23:00:00,13.969119,92,6.162207
CASA,2021-02-15T00:00:00,13.109119,91,8.225035
CASA,2021-02-15T01:00:00,12.599119,80,8.373386
CASA,2021-02-15T02:00:00,13.16912,67,4.73506
CASA,2021-02-15T03:00:00,13.149119,62,4.6938252
CASA,2021-02-15T04:00:00,13.819119,59,6.849467
CASA,2021-02-15T05:00:00,13.99912,57,10.495713
CASA,2021-02-15T06:00:00,11.07912,54,12.959999
CASA,2021-02-15T07:00:00,9.429119,58,13.910169
CASA,2021-02-15T08:00:00,9.32912,52,14.799459
CASA,2021-02-15T09:00:00,9.66912,44,13.324863
CASA,2021-02-15T10:00:00,13.819119,41,6.849467
CASA,2021-02-15T11:00:00,17.45912,42,1.5273507
CASA,2021-02-15T12:00:00,18.849121,44,5.692099
CASA,2021-02-15T13:00:00,20.14912,45,7.10031
CASA,2021-02-15T14:00:00,21.91912,41,5.0528407
CASA,2021-02-15T15:00:00,22.81912,39,11.726277
CASA,2021-02-15T16:00:00,22.28912,41,13.237039
CASA,2021-02-15T17:00:00,22.00912,43,12.413477
CASA,2021-02-15T18:00:00,21.05912,46,11.212135
CASA,2021-02-15T19:00:00,19.79912,52,7.653705
CASA,2021-02-15T20:00:00,18.929121,56,2.5959969
CASA,2021-02-15T21:00:00,18.47912,57,2.0991426
CASA,2021-02-15T22:00:00,17.22912,64,7.628263
CASA,2021-02-15T23:00:00,14.98912,68,9.726664
CASA,2021-02-16T00:00:00,14.15912,68,10.739832
CASA,2021-02-16T01:00:00,13.32912,70,10.587918
CASA,2021-02-16T02:00:00,13.37912,67,8.78872
CASA,2021-02-16T03:00:00,12.94912,65,11.298495
CASA,2021-02-16T04:00:00,12.00912,68,14.689589
CASA,2021-02-16T05:00:00,11.16912,70,15.281989
CASA,2021-02-16T06:00:00,10.569119,71,14.84318
CASA,2021-02-16T07:00:00,10.099119,71,14.587776
CASA,2021-02-16T08:00:00,9.95912,70,14.118243
CASA,2021-02-16T09:00:00,10.939119,66,12.303366
CASA,2021-02-16T10:00:00,14.82912,59,7.10031
CASA,2021-02-16T11:00:00,17.94912,54,6.489992
CASA,2021-02-16T12:00:00,19.13912,54,9.793059
CASA,2021-02-16T13:00:00,19.40912,57,12.738099
CASA,2021-02-16T14:00:00,19.89912,56,11.709688
CASA,2021-02-16T15:00:00,19.91912,59,15.696165
CASA,2021-02-16T16:00:00,19.41912,61,15.778518
CASA,2021-02-16T17:00:00,18.96912,66,12.9249525
CASA,2021-02-16T18:00:00,18.189121,71,10.799999
CASA,2021-02-16T19:00:00,17.15912,78,8.647496
CASA,2021-02-16T20:00:00,16.359121,85,6.519877
CASA,2021-02-16T21:00:00,15.94912,90,4.0249224
CASA,2021-02-16T22:00:00,15.769119,90,2.9024127
CASA,2021-02-16T23:00:00,15.139119,93,1.609969
CASA,2021-02-17T00:00:00,14.639119,95,0.5091169
CASA,2021-02-17T01:00:00,14.349119,95,0
CASA,2021-02-17T02:00:00,14.139119,90,3.0758414
CASA,2021-02-17T03:00:00,13.73912,86,5.00128
CASA,2021-02-17T04:00:00,13.07912,82,5.8603754
CASA,2021-02-17T05:00:00,12.189119,81,5.771239
CASA,2021-02-17T06:00:00,11.469119,82,5.4477882
CASA,2021-02-17T07:00:00,10.969119,82,5.4119864
CASA,2021-02-17T08:00:00,10.61912,83,6.130579
CASA,2021-02-17T09:00:00,11.189119,82,6.162207
CASA,2021-02-17T10:00:00,14.099119,73,0.8049845
CASA,2021-02-17T11:00:00,15.979119,67,3.6179552
CASA,2021-02-17T12:00:00,17.03912,65,7.6367526
CASA,2021-02-17T13:00:00,17.58912,65,11.043261
CASA,2021-02-17T14:00:00,18.40912,65,12.245294
CASA,2021-02-17T15:00:00,18.36912,68,13.679999
CASA,2021-02-17T16:00:00,18.019121,68,14.04
CASA,2021-02-17T17:00:00,18.20912,68,12.979984
CASA,2021-02-17T18:00:00,17.47912,73,11.928989
CASA,2021-02-17T19:00:00,16.54912,80,10.853866
CASA,2021-02-17T20:00:00,15.889119,85,8.209263
CASA,2021-02-17T21:00:00,15.66912,87,5.4833565
CASA,2021-02-17T22:00:00,15.44912,87,3.2399998
CASA,2021-02-17T23:00:00,15.059119,89,3.396233
FES,2021-02-04T00:00:00,14.793498,88,4.8965297
FES,2021-02-04T01:00:00,14.363498,89,4.6102495
FES,2021-02-04T02:00:00,13.603498,92,1.8
FES,2021-02-04T03:00:00,12.873498,96,1.484318
FES,2021-02-04T04:00:00,12.413498,97,0.71999997
FES,2021-02-04T05:00:00,12.303498,95,0.35999998
FES,2021-02-04T06:00:00,12.233499,95,1.1384199
FES,2021-02-04T07:00:00,12.093498,95,4.73506
FES,2021-02-04T08:00:00,11.753498,95,6.162207
FES,2021-02-04T09:00:00,11.373498,94,6.162207
FES,2021-02-04T10:00:00,12.833498,75,6.6087217
FES,2021-02-04T11:00:00,15.593498,55,11.212135
FES,2021-02-04T12:00:00,18.483498,51,10.823973
FES,2021-02-04T13:00:00,24.123499,32,5.1544156
FES,2021-02-04T14:00:00,27.173498,17,26.302181
FES,2021-02-04T15:00:00,27.663498,17,25.0064
FES,2021-02-04T16:00:00,27.183498,24,16.171976
FES,2021-02-04T17:00:00,25.733498,31,13.1041975
FES,2021-02-04T18:00:00,23.443499,42,13.104198
FES,2021-02-04T19:00:00,20.823498,58,13.783817
FES,2021-02-04T20:00:00,18.033499,76,16.87398
FES,2021-02-04T21:00:00,15.503498,88,17.287498
FES,2021-02-04T22:00:00,15.023499,87,13.479583
FES,2021-02-04T23:00:00,13.853498,87,9.673221
FES,2021-02-05T00:00:00,13.363498,88,5.495161
FES,2021-02-05T01:00:00,13.293498,90,10.538843
FES,2021-02-05T02:00:00,12.0634985,95,13.084402
FES,2021-02-05T03:00:00,11.803498,94,8.311245
FES,2021-02-05T04:00:00,12.003498,93,12.979984
FES,2021-02-05T05:00:00,10.683498,94,16.135872
FES,2021-02-05T06:00:00,11.013498,91,13.217443
FES,2021-02-05T07:00:00,11.003498,94,7.0911775
FES,2021-02-05T08:00:00,11.103498,92,1.1384199
FES,2021-02-05T09:00:00,11.383498,89,1.2979984
FES,2021-02-05T10:00:00,11.8134985,86,1.08
FES,2021-02-05T11:00:00,12.243498,84,5.815978
FES,2021-02-05T12:00:00,12.513498,87,16.75064
FES,2021-02-05T13:00:00,12.323498,76,27.534704
FES,2021-02-05T14:00:00,12.953498,64,27.181787
FES,2021-02-05T15:00:00,12.723498,61,27.757376
FES,2021-02-05T16:00:00,13.613498,56,24.187069
FES,2021-02-05T17:00:00,13.863498,55,24.57511
FES,2021-02-05T18:00:00,13.993498,54,20.907913
FES,2021-02-05T19:00:00,13.503498,55,17.518356
FES,2021-02-05T20:00:00,12.353498,62,11.503113
FES,2021-02-05T21:00:00,10.783498,71,7.928177
FES,2021-02-05T22:00:00,10.593498,72,5.2416787
FES,2021-02-05T23:00:00,10.453498,73,5.95906
FES,2021-02-06T00:00:00,10.283498,74,6.193674
FES,2021-02-06T01:00:00,10.0634985,77,4.39436
FES,2021-02-06T02:00:00,9.973498,81,1.9386592
FES,2021-02-06T03:00:00,9.873498,82,4.6938257
FES,2021-02-06T04:00:00,9.413498,84,4.8965297
FES,2021-02-06T05:00:00,9.293498,83,2.8116899
FES,2021-02-06T06:00:00,9.183498,84,1.8
FES,2021-02-06T07:00:00,8.783498,81,3.396233
FES,2021-02-06T08:00:00,8.653498,73,3.671294
FES,2021-02-06T09:00:00,9.183498,71,6.6185193
FES,2021-02-06T10:00:00,8.403498,74,26.6327
FES,2021-02-06T11:00:00,7.373498,84,26.867676
FES,2021-02-06T12:00:00,6.873498,86,27.56058
FES,2021-02-06T13:00:00,10.753498,78,20.275383
FES,2021-02-06T14:00:00,11.393498,72,22.314192
FES,2021-02-06T15:00:00,11.453498,72,23.510508
FES,2021-02-06T16:00:00,11.533498,71,23.441502
FES,2021-02-06T17:00:00,11.503498,71,22.26477
FES,2021-02-06T18:00:00,11.243498,72,20.49156
FES,2021-02-06T19:00:00,10.263498,77,15.034041
FES,2021-02-06T20:00:00,9.073498,84,11.966953
FES,2021-02-06T21:00:00,8.623498,85,12.24
FES,2021-02-06T22:00:00,8.933498,83,16.62249
FES,2021-02-06T23:00:00,7.993498,90,16.203999
FES,2021-02-07T00:00:00,8.323498,87,20.163212
FES,2021-02-07T01:00:00,7.6534977,89,21.96
FES,2021-02-07T02:00:00,7.533498,89,23.039999
FES,2021-02-07T03:00:00,7.6134977,87,24.863468
FES,2021-02-07T04:00:00,7.753498,82,25.982424
FES,2021-02-07T05:00:00,7.6534977,80,25.582806
FES,2021-02-07T06:00:00,7.873498,80,24.490587
FES,2021-02-07T07:00:00,7.8934975,82,25.942488
FES,2021-02-07T08:00:00,7.8034983,87,27.0024
FES,2021-02-07T09:00:00,8.223498,84,30.274265
FES,2021-02-07T10:00:00,8.853498,78,33.887836
FES,2021-02-07T11:00:00,9.323498,76,35.656357
FES,2021-02-07T12:00:00,9.713498,73,36.504074
FES,2021-02-07T13:00:00,11.303498,67,36.832767
FES,2021-02-07T14:00:00,11.953498,64,35.85932
FES,2021-02-07T15:00:00,12.913498,60,35.690872
FES,2021-02-07T16:00:00,12.733499,59,35.452232
FES,2021-02-07T17:00:00,12.773499,61,31.006012
FES,2021-02-07T18:00:00,12.173498,67,26.420174
FES,2021-02-07T19:00:00,10.943499,72,21.461555
FES,2021-02-07T20:00:00,10.243498,78,18.204042
FES,2021-02-07T21:00:00,10.023499,82,14.182355
FES,2021-02-07T22:00:00,9.773499,83,10.365251
FES,2021-02-07T23:00:00,9.463498,87,6.12
FES,2021-02-08T00:00:00,9.693499,88,5.315336
FES,2021-02-08T01:00:00,9.923498,80,6.725354
FES,2021-02-08T02:00:00,8.213498,78,9.565437
FES,2021-02-08T03:00:00,8.143497,76,9.983106
FES,2021-02-08T04:00:00,8.413498,71,13.53236
FES,2021-02-08T05:00:00,8.453498,70,15.646544
FES,2021-02-08T06:00:00,8.423498,71,15.379206
FES,2021-02-08T07:00:00,8.723498,70,15.646544
FES,2021-02-08T08:00:00,9.083498,69,17.992796
FES,2021-02-08T09:00:00,9.943499,66,20.49156
FES,2021-02-08T10:00:00,12.263498,58,26.6327
FES,2021-02-08T11:00:00,13.963498,52,33.818928
FES,2021-02-08T12:00:00,15.573498,48,36.707645
FES,2021-02-08T13:00:00,17.053497,52,38.894997
FES,2021-02-08T14:00:00,17.613499,51,39.239998
FES,2021-02-08T15:00:00,17.943499,51,40.018333
FES,2021-02-08T16:00:00,17.683498,54,38.046055
FES,2021-02-08T17:00:00,16.973497,61,33.27031
FES,2021-02-08T18:00:00,15.873498,70,25.772078
FES,2021-02-08T19:00:00,14.763498,80,19.513195
FES,2021-02-08T20:00:00,13.833498,88,16.92383
FES,2021-02-08T21:00:00,12.833498,92,13.661038
FES,2021-02-08T22:00:00,12.913498,91,12.57426
FES,2021-02-08T23:00:00,12.773499,91,9.449572
FES,2021-02-09T00:00:00,12.943499,91,7.92
FES,2021-02-09T01:00:00,12.843498,90,11.252519
FES,2021-02-09T02:00:00,12.383498,91,10.853866
FES,2021-02-09T03:00:00,12.183498,92,8.4042845
FES,2021-02-09T04:00:00,11.753498,94,6.725354
FES,2021-02-09T05:00:00,11.203498,95,5.5887027
FES,2021-02-09T06:00:00,10.653498,95,4.68
FES,2021-02-09T07:00:00,10.183498,95,4.452954
FES,2021-02-09T08:00:00,9.823498,91,4.1046314
FES,2021-02-09T09:00:00,10.223498,90,5.04
FES,2021-02-09T10:00:00,13.633498,75,11.659777
FES,2021-02-09T11:00:00,15.343498,68,20.06334
FES,2021-02-09T12:00:00,16.9635,59,24.863468
FES,2021-02-09T13:00:00,17.623499,57,29.268686
FES,2021-02-09T14:00:00,18.9635,50,33.87062
FES,2021-02-09T15:00:00,19.393497,48,35.296524
FES,2021-02-09T16:00:00,19.493498,46,34.936695
FES,2021-02-09T17:00:00,18.653498,52,32.569557
FES,2021-02-09T18:00:00,17.253498,62,28.673721
FES,2021-02-09T19:00:00,16.123497,68,22.66857
FES,2021-02-09T20:00:00,15.0634985,74,17.287498
FES,2021-02-09T21:00:00,13.873498,81,13.217443
FES,2021-02-09T22:00:00,13.693499,82,9.793058
FES,2021-02-09T23:00:00,13.483499,82,9.3876505
FES,2021-02-10T00:00:00,12.833498,84,11.570515
FES,2021-02-10T01:00:00,12.403498,85,13.979871
FES,2021-02-10T02:00:00,11.853498,88,13.849476
FES,2021-02-10T03:00:00,11.233499,90,12.599999
FES,2021-02-10T04:00:00,11.223498,87,12.245294
FES,2021-02-10T05:00:00,11.633498,83,14.05845
FES,2021-02-10T06:00:00,11.5634985,80,14.759999
FES,2021-02-10T07:00:00,11.323498,79,17.294992
FES,2021-02-10T08:00:00,11.343498,78,16.575644
FES,2021-02-10T09:00:00,12.383498,73,18.751125
FES,2021-02-10T10:00:00,14.743498,62,23.4
FES,2021-02-10T11:00:00,16.193499,53,26.042212
FES,2021-02-10T12:00:00,17.583498,46,25.420181
FES,2021-02-10T13:00:00,18.593498,45,20.929594
FES,2021-02-10T14:00:00,19.233498,43,19.770523
FES,2021-02-10T15:00:00,19.633497,44,18.899143
FES,2021-02-10T16:00:00,19.593498,48,18.075441
FES,2021-02-10T17:00:00,19.243498,52,16.595179
FES,2021-02-10T18:00:00,18.413498,57,14.336861
FES,2021-02-10T19:00:00,17.103498,63,10.1887
FES,2021-02-10T20:00:00,15.713498,74,9.511088
FES,2021-02-10T21:00:00,14.553498,83,8.707237
FES,2021-02-10T22:00:00,13.703498,87,4.1046314
FES,2021-02-10T23:00:00,13.583498,87,3.2599385
FES,2021-02-11T00:00:00,13.363498,88,1.4399999
FES,2021-02-11T01:00:00,13.113498,89,0
FES,2021-02-11T02:00:00,12.883498,89,1.5273507
FES,2021-02-11T03:00:00,12.483499,92,3.219938
FES,2021-02-11T04:00:00,12.273499,93,4.896529
FES,2021-02-11T05:00:00,11.853498,96,4.6938252
FES,2021-02-11T06:00:00,11.723498,94,5.2416787
FES,2021-02-11T07:00:00,11.773499,90,5.4119864
FES,2021-02-11T08:00:00,11.483499,85,5.7599998
FES,2021-02-11T09:00:00,11.133498,75,4.379589
FES,2021-02-11T10:00:00,12.683498,64,7.69592
FES,2021-02-11T11:00:00,14.923498,64,10.483357
FES,2021-02-11T12:00:00,16.973497,64,9.826088
FES,2021-02-11T13:00:00,19.143497,55,8.161764
FES,2021-02-11T14:00:00,21.093498,47,6.8777895
FES,2021-02-11T15:00:00,22.503498,41,6.439876
FES,2021-02-11T16:00:00,23.153498,37,7.6367526
FES,2021-02-11T17:00:00,22.953499,38,11.252519
FES,2021-02-11T18:00:00,21.003498,44,15.141414
FES,2021-02-11T19:00:00,18.9635,54,12.768586
FES,2021-02-11T20:00:00,16.953499,67,15.072783
FES,2021-02-11T21:00:00,14.713498,78,16.676977
FES,2021-02-11T22:00:00,13.453498,80,14.05845
FES,2021-02-11T23:00:00,13.083498,80,10.464798
FES,2021-02-12T00:00:00,12.723498,85,8.64
FES,2021-02-12T01:00:00,12.013498,85,6.489992
FES,2021-02-12T02:00:00,11.333498,87,6.0347
FES,2021-02-12T03:00:00,10.473498,89,4.0249224
FES,2021-02-12T04:00:00,9.8134985,92,2.52
FES,2021-02-12T05:00:00,9.393498,94,2.7416782
FES,2021-02-12T06:00:00,8.943499,96,2.2768397
FES,2021-02-12T07:00:00,8.733499,95,1.2979984
FES,2021-02-12T08:00:00,8.483499,94,1.8
FES,2021-02-12T09:00:00,8.863498,93,1.8
FES,2021-02-12T10:00:00,11.023499,78,1.2979984
FES,2021-02-12T11:00:00,13.463498,69,2.9024127
FES,2021-02-12T12:00:00,16.253498,52,4.0249224
FES,2021-02-12T13:00:00,17.783499,63,5.8048253
FES,2021-02-12T14:00:00,18.773499,57,5.937272
FES,2021-02-12T15:00:00,19.263498,52,6.763786
FES,2021-02-12T16:00:00,19.413498,47,8.39657
FES,2021-02-12T17:00:00,19.163498,45,9.387651
FES,2021-02-12T18:00:00,18.623499,49,8.78872
FES,2021-02-12T19:00:00,17.413498,60,7.5942082
FES,2021-02-12T20:00:00,16.133497,71,6.638072
FES,2021-02-12T21:00:00,15.123498,76,6.151683
FES,2021-02-12T22:00:00,14.393498,79,6.2145634
FES,2021-02-12T23:00:00,13.583498,83,6.4799995
FES,2021-02-13T00:00:00,12.863498,89,6.12
FES,2021-02-13T01:00:00,12.053498,96,5.3999996
FES,2021-02-13T02:00:00,12.0634985,93,2.8116899
FES,2021-02-13T03:00:00,11.903498,93,3.6
FES,2021-02-13T04:00:00,11.613498,92,3.5455887
FES,2021-02-13T05:00:00,11.553498,96,2.5455842
FES,2021-02-13T06:00:00,11.373498,95,1.9386592
FES,2021-02-13T07:00:00,11.223498,95,1.0182338
FES,2021-02-13T08:00:00,11.203498,95,2.52
FES,2021-02-13T09:00:00,11.233499,95,4.0249224
FES,2021-02-13T10:00:00,11.303498,93,5.0911684
FES,2021-02-13T11:00:00,12.333498,87,5.154415
FES,2021-02-13T12:00:00,13.643498,82,6.638072
FES,2021-02-13T13:00:00,15.913498,69,5.1919937
FES,2021-02-13T14:00:00,18.633497,51,10.829958
FES,2021-02-13T15:00:00,19.923498,44,11.269782
FES,2021-02-13T16:00:00,20.593498,40,11.726277
FES,2021-02-13T17:00:00,20.873499,39,12.303366
FES,2021-02-13T18:00:00,20.563498,40,11.298495
FES,2021-02-13T19:00:00,19.693499,43,6.989936
FES,2021-02-13T20:00:00,18.823498,46,3.0547013
FES,2021-02-13T21:00:00,17.773499,47,3.6179552
FES,2021-02-13T22:00:00,16.623499,39,4.3349743
FES,2021-02-13T23:00:00,14.943499,36,3.8268526
FES,2021-02-14T00:00:00,14.153498,42,6.725354
FES,2021-02-14T01:00:00,11.583498,61,7.24486
FES,2021-02-14T02:00:00,10.873498,63,6.849467
FES,2021-02-14T03:00:00,10.913498,57,6.6185193
FES,2021-02-14T04:00:00,11.683498,46,7.2
FES,2021-02-14T05:00:00,12.613498,39,5.2416787
FES,2021-02-14T06:00:00,11.203498,43,8.209263
FES,2021-02-14T07:00:00,7.8634977,51,8.28
FES,2021-02-14T08:00:00,8.153498,41,6.638072
FES,2021-02-14T09:00:00,8.843498,38,7.342588
FES,2021-02-14T10:00:00,10.233499,36,12.324414
FES,2021-02-14T11:00:00,13.603498,35,14.494192
FES,2021-02-14T12:00:00,17.343498,30,19.483284
FES,2021-02-14T13:00:00,19.793499,36,21.434364
FES,2021-02-14T14:00:00,21.973497,28,22.608458
FES,2021-02-14T15:00:00,22.953499,24,25.6233
FES,2021-02-14T16:00:00,22.913498,23,25.210283
FES,2021-02-14T17:00:00,22.383497,25,26.700743
FES,2021-02-14T18:00:00,21.073498,27,25.982424
FES,2021-02-14T19:00:00,18.683498,30,22.366402
FES,2021-02-14T20:00:00,16.2135,36,17.673029
FES,2021-02-14T21:00:00,14.453498,40,16.575644
FES,2021-02-14T22:00:00,12.673498,44,18.72346
FES,2021-02-14T23:00:00,11.163498,56,20.570463
FES,2021-02-15T00:00:00,10.273499,58,20.598795
FES,2021-02-15T01:00:00,9.683498,61,19.881649
FES,2021-02-15T02:00:00,9.713498,64,18.751125
FES,2021-02-15T03:00:00,8.873498,69,20.211363
FES,2021-02-15T04:00:00,8.143497,73,18.709612
FES,2021-02-15T05:00:00,6.913498,73,16.299694
FES,2021-02-15T06:00:00,6.0234976,76,15.986595
FES,2021-02-15T07:00:00,5.783498,79,17.106628
FES,2021-02-15T08:00:00,5.6034975,78,15.546833
FES,2021-02-15T09:00:00,6.453498,72,14.77755
FES,2021-02-15T10:00:00,9.103498,63,18.72
FES,2021-02-15T11:00:00,14.023499,50,20.519999
FES,2021-02-15T12:00:00,17.513498,44,20.570463
FES,2021-02-15T13:00:00,19.243498,42,20.598795
FES,2021-02-15T14:00:00,21.143497,35,24.905132
FES,2021-02-15T15:00:00,22.053497,32,25.683926
FES,2021-02-15T16:00:00,22.333498,30,21.38897
FES,2021-02-15T17:00:00,22.263498,31,20.364674
FES,2021-02-15T18:00:00,21.293499,33,17.106628
FES,2021-02-15T19:00:00,19.093498,37,12.313893
FES,2021-02-15T20:00:00,17.303497,40,10.041354
FES,2021-02-15T21:00:00,15.913498,44,7.342588
FES,2021-02-15T22:00:00,14.573498,48,5.815978
FES,2021-02-15T23:00:00,13.503498,51,5.8603754
FES,2021-02-16T00:00:00,12.693499,53,4.6102495
FES,2021-02-16T01:00:00,12.633498,52,1.835647
FES,2021-02-16T02:00:00,13.303498,37,7.5685663
FES,2021-02-16T03:00:00,12.963498,35,8.64
FES,2021-02-16T04:00:00,11.963498,48,6.725354
FES,2021-02-16T05:00:00,10.843498,58,2.8799999
FES,2021-02-16T06:00:00,11.523499,45,1.1384199
FES,2021-02-16T07:00:00,11.303498,43,2.7416782
FES,2021-02-16T08:00:00,11.253498,38,1.1384199
FES,2021-02-16T09:00:00,12.083498,35,0.5091169
FES,2021-02-16T10:00:00,13.053498,37,4.0249224
FES,2021-02-16T11:00:00,15.033498,33,4.8965297
FES,2021-02-16T12:00:00,17.953499,29,5.0911684
FES,2021-02-16T13:00:00,21.093498,27,5.154415
FES,2021-02-16T14:00:00,22.853498,26,7.127636
FES,2021-02-16T15:00:00,23.563498,26,7.7879906
FES,2021-02-16T16:00:00,23.903498,26,6.792466
FES,2021-02-16T17:00:00,23.773499,27,6.297428
FES,2021-02-16T18:00:00,23.173498,29,5.8603754
FES,2021-02-16T19:00:00,21.473497,36,5.95906
FES,2021-02-16T20:00:00,19.143497,44,5.3999996
FES,2021-02-16T21:00:00,17.703499,50,5.1544156
FES,2021-02-16T22:00:00,16.873499,52,5.4477882
FES,2021-02-16T23:00:00,16.393497,52,5.692099
FES,2021-02-17T00:00:00,16.503498,48,5.495161
FES,2021-02-17T01:00:00,16.173498,44,4.32
FES,2021-02-17T02:00:00,15.483499,47,2.5959969
FES,2021-02-17T03:00:00,14.173498,56,3.2599385
FES,2021-02-17T04:00:00,13.273499,62,3.6
FES,2021-02-17T05:00:00,13.103498,66,3.396233
FES,2021-02-17T06:00:00,12.573498,64,2.2768397
FES,2021-02-17T07:00:00,12.073498,61,2.0991426
FES,2021-02-17T08:00:00,11.603498,53,2.2768397
FES,2021-02-17T09:00:00,11.783498,46,1.2979984
FES,2021-02-17T10:00:00,13.323498,44,4.0249224
FES,2021-02-17T11:00:00,15.333498,38,5.1919937
FES,2021-02-17T12:00:00,17.753498,30,5.154415
FES,2021-02-17T13:00:00,20.413498,26,4.1046314
FES,2021-02-17T14:00:00,22.363499,26,9.504272
FES,2021-02-17T15:00:00,23.263498,27,9.290511
FES,2021-02-17T16:00:00,23.603498,27,8.209263
FES,2021-02-17T17:00:00,23.533499,29,7.5685663
FES,2021-02-17T18:00:00,22.543499,35,8.766573
FES,2021-02-17T19:00:00,20.103498,45,11.525623
FES,2021-02-17T20:00:00,18.193499,52,11.681987
FES,2021-02-17T21:00:00,17.093498,62,10.041354
FES,2021-02-17T22:00:00,16.333498,63,9
FES,2021-02-17T23:00:00,15.653498,66,7.9932976
